B,3,2,1,"Digital printing, Kartu Nama",3,Maridinata,"Achmad Djayanto",08174896606,232@sr.com,google.com,"Taman Wisma Asri Blok",7,371,"ID Card, SIUP, NPWP, Financial Audited Statement, Domicilie, Akta Pendirian, Akta Notaris, Bank Account",1,1,2
C,3,2,2,"Banner, flyer dan brosur",9,Subur,"Achmad Djayanto",08174896606,232@sr.com,google.com,"Taman Wisma Asri Blok ",4,108,"Financial Audited Statement, SIUP",1,1,1
B,1,2,2,hghghgfh,9,"Rahmat Solusion","Achmad Djayanto",08174896606,232@sr.com,https://www.google.com/,"Taman Wisma Asri",9,183,"ID Card, SIUP, Financial Audited Statement, Bank Account, Akta Notaris, Akta Pendirian, Domicilie, NPWP",1,1,3
B,3,16,3,vggfdgd,9,LINKNET,"Achmad Djayanto",08174896606,232@sr.com,https://www.google.com/,"Taman Wisma Asri",9,165,"ID Card, SIUP, NPWP, Financial Audited Statement, Akta Notaris, Akta Pendirian, Domicilie",1,1,2
B,1,16,4,"Lorem Ipsum is simply dummy text of the printing and typesetting industry. Lorem Ipsum has been the industry's standard dummy text ever since the 1500s, when an unknown printer took a galley of type and scrambled it to make a type specimen book. It has survived not only five centuries, but also the leap into electronic typesetting, remaining essentially unchanged. It was popularised in the 1960s with the release of Letraset sheets containing Lorem Ipsum passages, and more recently with desktop publishing software like Aldus PageMaker including versions of Lorem Ipsum.",8,"PT Angin ribut","Achmad Djayanto",08174896606,232@sr.com,https://hclinic.id/,"Taman Wisma Asri ",1,276,"ID Card, SIUP, NPWP, Financial Audited Statement, Domicilie, Akta Pendirian, Akta Notaris, Bank Account",1,1,3
B,2,2,2,"Solar Lamp",9,"ECS Raya Indonesia (Schneider Electric distributor)","Michael Tjan","0811 8899 007",arifin.limbong@schneider-electric.com,www.schneider-electric.com,"Jl Pinangsia III No 25 Tamansari Jakarta Bar. 11110",6,195,,,,1
B,2,13,5,"Medical Equipment, Ambulance  Equipment and Blood Bank Equipment",9,"Duta Mitra Alam Citra (DMAC)",Yuliyanti,0813-4799-4700,,,"Jl. Samudera No.4B Cipulir Kebayoran Lama
",6,192,"ID Card, SIUP, NPWP",1,,2
B,3,18,6,"Retrofitting PMI Water truck & Crane Truck - MITSUBISHI",9,"Bosowa Berlian (Mitsubishi)",ALEX,"021 5980599 ; 0811912229",alex@google.com,,"Jl. R.A Kartini No.51",29,436,"SIUP, NPWP, Domicilie, Akta Pendirian, Akta Notaris",1,1,2
C,3,24,12,"Truck local Road Transport ",8,"Mandiri Jaya Abadi","Irsan Ashadi","0852-0121-9111; 0811-4608-683","irfanashariengineer@gmail.com, irsanratna@yahoo.com",,"Jl. Goa Ria Sudiang No. 99, Makassar & Jl. Nuri No. 20, Palu",29,436,"ID Card, SIUP",,,3
A,1,5,15,"Building contruction; Furniture, Custom furniture (Gradual & single laboratory table in Blood Bank Palu)",9,"Karya Putra Celebes","Mas Adie","0852-4090 9990/0821-7979 0000",pt.karyaputracelebes@yahoo.com,,"BTN Palupi Permai blok A no. 11/Jl. DR. Suharso no. 44 D",29,436,"ID Card, Domicilie, SIUP, Akta Pendirian",,1,3
